<?xml version="1.0" encoding="UTF-8"?>
<project-private xmlns="http://www.netbeans.org/ns/project-private/1">
    <editor-bookmarks xmlns="http://www.netbeans.org/ns/editor-bookmarks/2" lastBookmarkId="0"/>
    <open-files xmlns="http://www.netbeans.org/ns/projectui-open-files/2">
        <group>
            <file>file:/D:/users/ΓΙΩΡΓΟΣ%20ΡΙΣΜΑΟΥΙ/NetBeansProjects/ERGASIA%20TSOULOS/src/ergasia/tsoulos/firstinputdialogenrolls.java</file>
            <file>file:/D:/users/ΓΙΩΡΓΟΣ%20ΡΙΣΜΑΟΥΙ/NetBeansProjects/ERGASIA%20TSOULOS/src/ergasia/tsoulos/firstinputdialoglesson.java</file>
            <file>file:/D:/users/ΓΙΩΡΓΟΣ%20ΡΙΣΜΑΟΥΙ/NetBeansProjects/ERGASIA%20TSOULOS/src/ergasia/tsoulos/firstinputdialog.java</file>
            <file>file:/D:/users/ΓΙΩΡΓΟΣ%20ΡΙΣΜΑΟΥΙ/NetBeansProjects/ERGASIA%20TSOULOS/src/ergasia/tsoulos/Lesson.java</file>
            <file>file:/D:/users/ΓΙΩΡΓΟΣ%20ΡΙΣΜΑΟΥΙ/NetBeansProjects/ERGASIA%20TSOULOS/src/ergasia/tsoulos/ERGASIATSOULOS.java</file>
            <file>file:/D:/users/ΓΙΩΡΓΟΣ%20ΡΙΣΜΑΟΥΙ/NetBeansProjects/ERGASIA%20TSOULOS/src/ergasia/tsoulos/StudentFrame.java</file>
            <file>file:/D:/users/ΓΙΩΡΓΟΣ%20ΡΙΣΜΑΟΥΙ/NetBeansProjects/ERGASIA%20TSOULOS/src/ergasia/tsoulos/Student.java</file>
            <file>file:/D:/users/ΓΙΩΡΓΟΣ%20ΡΙΣΜΑΟΥΙ/NetBeansProjects/ERGASIA%20TSOULOS/src/ergasia/tsoulos/Enroll.java</file>
        </group>
    </open-files>
</project-private>
